size,text
47,穿搭
23,大學
12,推薦
11,啊啊
10,外套
9,個人
9,可以
9,大家
9,科技大學
8,分享
8,啊啊啊
8,尺寸
7,希望
7,最近
7,褲子
7,西裝
7,請問
6,啊啊啊啊
6,球鞋
6,男生
6,還是
5,一下
5,各位
5,同學
5,因為
5,毛帽
5,牌子
5,現在
5,真的
5,舞會
5,這樣
4,一個
4,一點
4,保暖
4,半身
4,啊啊啊啊啊
4,問題
4,喜歡
4,好看
4,婚禮
4,安全
4,帆布
4,很多
4,找不到
4,文章
4,有人
4,棕色
4,版型
4,球鞋尺寸
4,的穿
4,皮鞋
4,知道
4,科大
4,覺得
4,試穿
4,這個
4,預算
3,一件
3,不能
3,中科
3,你們
3,個性
3,分享一下我
3,初秋
3,可是
3,可能
3,啊啊啊啊啊啊
3,外套穿搭
3,大地色系
3,女生
3,好像
3,如題
3,子穿搭
3,學穿
3,安全牌
3,完全
3,帆布鞋
3,帽子
3,平價
3,怎麼
3,我個人
3,我有
3,所以
3,拜託
3,搭配
3,教學
3,教室
3,有推薦的
3,材質
3,棉褲
3,棕色皮鞋
3,沒有
3,流行
3,版上
3,牛津
3,牛角外套
3,生穿搭
3,發文
3,發熱
3,的穿搭
3,看到
3,看起來
3,穿搭中
3,穿搭國立
3,穿搭板
3,第一
3,給我
3,背包
3,自己
3,衣服
3,請問各位
3,購入
3,路上
3,這種
3,選擇
3,那個
3,都不
3,都找
3,風衣
3,飛行外套
3,高手
3,黑色西裝
2,一下我個人的尺寸
2,一些
2,一個把留言刪掉的
2,一樣
2,一直找不到
2,一點的
2,上半身
2,下半身
2,下我個人的尺寸對
2,不好
2,不是
2,不會
2,不要
2,了很
2,享一下我個人的尺
2,享因為現在球鞋很
2,人群
2,以下
2,以自己來分享一下
2,仿的
2,但是
2,低腰
2,來分享一下我個人
2,保暖的
2,個好
2,個把留言刪掉的同
2,價位
2,兩件
2,分享一下我個人的
2,分享因為現在球鞋
2,分袖
2,列的版型大部分都
2,刪文
2,到教室
2,剛剛有
2,去試穿
2,參加
2,受不了
2,另外
2,可以推薦
2,可是版
2,台北
2,台灣好
2,同款
2,命令式
2,咖啡
2,品質
2,啊啊啊啊啊啊啊
2,問一件衣服
2,單品
2,因為現在球鞋很多
2,圓環
2,圖穿搭
2,在球鞋很多都找代
2,在的
2,在穿
2,在路上
2,多文
2,多都找代購都不能
2,大學生
2,大學穿搭
2,大概
2,太素
2,好是
2,安全牌個性
2,實體
2,寬版
2,寸的問題層出不窮
2,寸穿搭一個把留言
2,寸選擇分享因為現
2,尚達
2,尺寸的問題層出不
2,尺寸穿搭一個把留
2,尺寸選擇分享因為
2,工作
2,己來分享一下我個
2,希望對大家有幫助
2,帽求
2,幹嘛
2,廠商
2,廣告
2,很多都找代購都不
2,很少
2,很流行
2,後發現
2,後背包
2,心動
2,怕冷
2,想請
2,想買
2,感覺
2,慢慢
2,我個人的尺寸對照
2,我腳長
2,或是
2,所以自己來分享一
2,手刀
2,找代購都不能試穿
2,把留言刪掉的同學
2,推薦毛帽
2,搭一個把留言刪掉
2,擇分享因為現在球
2,文了
2,新手
2,是想
2,時間
2,最近想
2,有一
2,有人可以
2,有人推薦
2,棒球帽
2,樣會
2,歡迎
2,比較
2,求推薦
2,沒想到
2,洋裝
2,流行飛行外套
2,淺色
2,炎亞綸
2,為我
2,為現在球鞋很多都
2,爬文
2,版型大部分都偏小
2,牛仔
2,牛津鞋
2,現在球鞋很多都找
2,球鞋尺寸穿搭一個
2,球鞋尺寸選擇分享
2,球鞋很多都找代購
2,理大學
2,男生穿搭
2,發熱衣
2,的嗎
2,的大
2,的帽
2,的版型大部分都偏
2,的褲子
2,的跟
2,盈利
2,看板
2,真的很
2,社會
2,程度
2,穿搭一個把留言刪
2,穿搭中科大
2,穿搭國立臺
2,穿搭大
2,穿搭版
2,穿搭致理科技大學
2,穿搭長庚
2,系列的版型大部分
2,素色穿搭
2,羊毛
2,背心
2,能大
2,腳板寬
2,自己來分享一下我
2,臺中
2,舞會穿
2,艾倫
2,衣有用
2,規則
2,請問有推薦的
2,謝謝
2,買到
2,買錯尺寸的問題層
2,身高
2,這樣的
2,造型
2,達人
2,適合
2,選擇分享因為現在
2,那種
2,都找代購都不能試
2,錯尺寸的問題層出
2,阿爾卑斯山
2,阿財真
2,限量
2,障礙
2,鞋子
2,鞋尺寸穿搭一個把
2,鞋尺寸選擇分享因
2,鞋很多都找代購都
2,香腸
2,鬍子